Simbolo,Nome_Asset,Prezzo_Attuale_USD,Market_Cap_USD,Volume_24h_USD,Variazione_24h_%
BTC,Bitcoin,82786,1663658207294,22372985293,0.33389
ETH,Ethereum,2494.04,304576203431,7361919267,-0.29198
USDT,Tether,0.999183,184102402972,41426998684,0.00018
BNB,BNB,749.26,99770396192,629211219,0.87129
XRP,XRP,1.41,88824146562,1531549968,0.34837
USDC,USDC,0.99972,72868206221,13042266185,0.01529
SOL,Solana,109.92,64717604311,2294580367,-0.47402
TRX,TRON,0.33084,31426297515,322686979,-0.40649
FIGR_HELOC,Figure Heloc,1.001,23748077381,697180498,
ZEC,Zcash,1225.93,20813497158,690339832,-0.10996
HYPE,Hyperliquid,84.36,18764984224,538201599,-1.74152
DOGE,Dogecoin,0.086209,13471368029,497191629,1.45981
USDS,USDS,0.999491,10139606264,133332553,0.01648
LINK,Chainlink,12.96,9941997565,215390833,0.66681
XMR,Monero,527.47,9924657613,135832199,-3.27071
WBT,WhiteBIT Coin,81.4,9668828361,62819632,0.30406
ADA,Cardano,0.256026,9613137952,555525145,7.15786
LEO,LEO Token,8.77,8066207123,408617,-1.42881
RAIN,Rain,0.01024119,7263620750,20074220,-0.34162
XLM,Stellar,0.197053,6908638233,111006291,1.2589
NEAR,NEAR Protocol,5.27,6890633807,842354800,9.27901
BCH,Bitcoin Cash,279.47,5617522279,177902745,0.35884
LTC,Litecoin,63.43,4928152578,233854295,-1.28044
CC,Canton,0.12127,4827749206,21987409,3.35691
USDE,Ethena USDe,0.999253,4779256666,31123886,-0.01236
AVAX,Avalanche,10.55,4679340292,300771569,1.74442
UNI,Uniswap,7.45,4657070843,444903520,1.03801
SUI,Sui,1.12,4608934677,517518853,4.58304
DAI,Dai,1.0,4553588854,265580192,0.0057
BTW,Bitway,1.6,4341597849,14006011,10.38706
