Dominio,Status_HTTP,Server_Header,Content_Type,Tempo_Risposta_ms
shopify.com,301,cloudflare,text/html; charset=UTF-8,33
stripe.com,200,nginx,text/html; charset=utf-8,205
woocommerce.com,200,nginx,text/html; charset=UTF-8,33
notion.so,301,cloudflare,text/html; charset=UTF-8,59
hubspot.com,301,cloudflare,text/html; charset=UTF-8,34
klaviyo.com,301,AmazonS3,text/html,50
canva.com,301,CloudFront,text/html,34
linear.app,200,cloudflare,text/html; charset=utf-8,69
figma.com,301,Cloudflare/Protected,text/html,275
intercom.com,301,AmazonS3,text/html,127
webflow.com,200,Cloudflare/Protected,text/html; charset=utf-8,127
squarespace.com,301,Squarespace,text/html,66
airtable.com,301,Tengine,text/plain; charset=utf-8,112
miro.com,200,Cloudflare/Protected,text/html,205
slack.com,200,Apache,text/html; charset=utf-8,94
